name,team,position,height_inches,wingspan_inches,wingspan_advantage,g,mp,pts,orb,drb,trb,ast,stl,blk,o_rtg,d_rtg,e_fg_percent,ft_percent,fg_percent,avg_dist_of_fg,2pt_rate,3pt_rate,2pt_percent,3pt_percent,dunk_rate
AJ Johnson,WAS,SG,76.25,80.5,4.25,29,639,16.4,0.6,3.8,4.4,5.7,0.9,0.2,98,123,0.441,0.865,0.385,12,0.577,0.423,0.472,0.267,0.099
Aaron Gordon,DEN,PF,79.5,83.75,4.25,51,1447,24.9,2.7,5.5,8.2,5.5,0.8,0.5,129,120,0.607,0.81,0.531,11.8,0.654,0.346,0.582,0.436,0.141
Aaron Holiday,HOU,PG,71.75,79.5,7.75,62,792,20.9,0.8,4,4.8,5.1,1.2,0.7,121,114,0.571,0.829,0.437,20.8,0.325,0.675,0.517,0.398,0
Aaron Nesmith,IND,SF,77,82,5,45,1123,23.2,1.6,6,7.6,2.3,1.5,0.7,124,116,0.617,0.913,0.507,15.7,0.485,0.515,0.587,0.431,0.042
Aaron Wiggins,OKC,SG,76.5,81.75,5.25,76,1744,25.2,2.2,5.9,8.1,3.7,1.7,0.5,119,110,0.577,0.831,0.488,14.2,0.534,0.466,0.578,0.383,0.027
Adem Bona,PHI,C,80.25,87.75,7.5,58,905,18.4,5,8.3,13.3,1.5,1.4,3.8,123,115,0.703,0.67,0.703,2.3,0.995,0.005,0.707,0,0.401
Ajay Mitchell,OKC,SG,75.25,78.25,3,36,597,18.8,1.4,4,5.5,5.1,2,0.3,117,111,0.557,0.829,0.495,12.2,0.674,0.326,0.548,0.383,0.005
Al Horford,BOS,C,80,84.75,4.75,60,1659,16.3,2.4,8.8,11.2,3.9,1.1,1.5,121,111,0.547,0.895,0.423,19,0.319,0.681,0.551,0.363,0.017
Alec Burks,MIA,SG,77,82,5,49,863,20.6,0.9,6.3,7.2,3.2,1.6,0.4,117,114,0.587,0.776,0.424,20.8,0.236,0.764,0.422,0.425,0
Alex Caruso,OKC,PG,76,78,2,54,1041,17.6,1.8,5.6,7.3,6.3,4,1.4,122,104,0.541,0.824,0.446,15.2,0.459,0.541,0.556,0.353,0.029
Alex Len,LAL,C,83.5,87.5,4,46,380,9.5,4.9,7.3,12.2,4.9,1.2,2.7,114,114,0.524,0.471,0.508,7.5,0.857,0.143,0.556,0.222,0.206
Alex Sarr,WAS,PF,83.75,88.25,4.5,67,1814,22.8,3.3,8.2,11.4,4.2,1.2,2.6,99,117,0.457,0.679,0.394,14.4,0.588,0.412,0.454,0.308,0.077
Alperen ÅžengÃ¼n,HOU,C,82,84.5,2.5,76,2395,29.5,5.3,10.7,16,7.6,1.7,1.2,116,108,0.505,0.692,0.496,7.5,0.921,0.079,0.519,0.233,0.067
Amen Thompson,HOU,SF,77.75,84,6.25,69,2225,21.2,4.2,8.1,12.3,5.8,2.1,1.9,123,108,0.575,0.684,0.557,7.8,0.869,0.131,0.599,0.275,0.212
Amir Coffey,LAC,SF,78.75,79.25,0.5,72,1748,19.6,0.9,3.6,4.5,2.2,1.1,0.2,122,115,0.57,0.891,0.471,16.2,0.516,0.484,0.529,0.409,0.063
Andre Drummond,PHI,C,81.75,90.25,8.5,40,751,19.2,7.2,13.2,20.4,2.2,2.6,1.2,108,112,0.506,0.622,0.5,5.4,0.915,0.085,0.533,0.15,0.171
Andre Jackson Jr.,MIL,SF,77.5,81.75,4.25,67,980,11.3,3.2,5.8,9,4.1,1.7,0.7,107,114,0.553,0.5,0.477,12.2,0.614,0.386,0.529,0.395,0.147
Andrew Nembhard,IND,PG,75,77.75,2.75,65,1881,16.7,0.9,4.7,5.5,8.3,2,0.3,111,116,0.506,0.794,0.458,14.9,0.675,0.325,0.538,0.291,0.002
Andrew Wiggins,MIA,SF,79,84,5,60,1842,28.7,2.4,4.8,7.2,4.2,1.6,1.3,113,113,0.526,0.763,0.448,14.5,0.585,0.415,0.501,0.374,0.052
Anfernee Simons,POR,PG,74.25,81.25,7,70,2292,28.6,0.5,3.5,4,7.1,1.3,0.1,115,119,0.521,0.902,0.426,17.9,0.473,0.527,0.496,0.363,0.014
Anthony Black,ORL,PG,77.75,79.5,1.75,78,1887,19.5,1.4,4.7,6.1,6.4,2.3,1.3,103,110,0.473,0.761,0.423,12,0.685,0.315,0.471,0.318,0.06
Anthony Davis,DAL,C,81.25,89.5,8.25,51,1706,36.3,3.9,13.1,17,5.2,1.7,3.2,118,108,0.536,0.775,0.516,10.8,0.864,0.136,0.553,0.282,0.099
Anthony Edwards,MIN,SG,75,81,6,79,2871,37.4,1,6.7,7.7,6.2,1.6,0.9,115,112,0.547,0.837,0.447,16.9,0.497,0.503,0.501,0.395,0.039
Anthony Gill,WAS,PF,79.5,83,3.5,51,397,15.5,2.2,5.8,7.9,1.9,1.1,0.2,119,122,0.545,0.66,0.489,11.8,0.648,0.352,0.579,0.323,0.011
Anton Watson,NYK,PF,79,84,5,9,22,18,2.3,4.5,6.8,4.5,2.3,0,86,115,0.444,NA,0.444,6.4,0.889,0.111,0.5,0,0.111
Ausar Thompson,DET,SF,77.75,84,6.25,59,1328,21.5,4,7,11,4.9,3.5,1.4,115,108,0.547,0.641,0.535,6,0.893,0.107,0.572,0.224,0.272
Austin Reaves,LAL,SG,76.5,78.25,1.75,73,2550,28.5,1.2,5.2,6.3,8.1,1.6,0.4,122,117,0.556,0.877,0.46,17.1,0.488,0.512,0.547,0.377,0.007
Ayo Dosunmu,CHI,SG,75.5,82.25,6.75,46,1394,19,0.9,4.5,5.4,7,1.4,0.6,117,118,0.561,0.785,0.492,12.4,0.579,0.421,0.612,0.328,0.027
Bam Adebayo,MIA,C,80.75,86.75,6,78,2674,26.3,3.5,10.5,14,6.3,1.8,1,115,110,0.521,0.765,0.485,11.4,0.801,0.199,0.517,0.357,0.123
Baylor Scheierman,BOS,SG,78.25,80.25,2,31,384,14.8,2.5,6,8.5,4.3,2.2,0.3,111,111,0.473,0.75,0.355,21.3,0.255,0.745,0.464,0.317,0
Ben Sheppard,IND,SG,77.25,79.75,2.5,63,1228,13,1.7,5.2,6.9,3.3,1.5,0.5,119,116,0.537,0.889,0.418,18.3,0.307,0.693,0.591,0.342,0.007
Ben Simmons,LAC,PF,81,84.5,3.5,51,1120,11.3,2.1,8.6,10.7,12.6,1.7,1,110,113,0.52,0.727,0.52,4.9,1,0,0.52,NA,0.103
Bennedict Mathurin,IND,SF,76.5,81,4.5,72,2149,25.9,1.9,6.6,8.6,3,1.1,0.5,110,116,0.516,0.831,0.458,13.2,0.662,0.338,0.519,0.34,0.049
Bilal Coulibaly,WAS,SF,78,86.5,9,59,1948,17.8,2.2,5,7.2,4.9,1.9,1,103,120,0.472,0.746,0.421,13.3,0.641,0.359,0.5,0.281,0.128
Blake Wesley,SAS,PG,75,81.25,6.25,58,683,15.4,1.2,3.1,4.3,8.1,2.6,0.4,102,118,0.481,0.623,0.435,10.8,0.688,0.312,0.5,0.293,0.081
Bobby Portis,MIL,PF,81.5,86,4.5,49,1244,26.4,3.5,12.5,16,4,1.4,1,111,110,0.52,0.836,0.466,14.1,0.701,0.299,0.508,0.365,0.015
Bobi Klintman,DET,SF,80.75,83,2.25,8,42,17.2,1.1,6.9,8,8,2.3,1.1,145,111,0.7,0.5,0.6,17.4,0.5,0.5,0.8,0.4,0.1
Bogdan BogdanoviÄ‡,LAC,SG,77.5,83,5.5,54,1348,20.8,0.9,4.8,5.7,5.2,1.5,0.4,110,116,0.534,0.879,0.427,18.7,0.413,0.587,0.517,0.363,0.002
Bol Bol,PHX,C,84.75,91,6.25,36,448,26.9,2.2,9.3,11.5,2.4,1,2.8,117,117,0.612,0.769,0.525,17.3,0.492,0.508,0.711,0.344,0.055
Bones Hyland,MIN,PG,74,81.5,7.5,24,239,30.7,1,4.1,5.2,6.6,3.7,0.8,107,108,0.534,0.885,0.398,22.4,0.305,0.695,0.417,0.39,0.017
Bradley Beal,PHX,SG,75.25,80,4.75,53,1702,26.2,1,4.2,5.1,5.7,1.7,0.8,114,121,0.571,0.803,0.497,15.2,0.62,0.38,0.565,0.386,0.024
Brandin Podziemski,GSW,SG,75.75,77.5,1.75,64,1716,21.2,1.8,7.4,9.2,6.2,2,0.4,116,112,0.537,0.758,0.445,17.2,0.509,0.491,0.516,0.372,0.002
Brandon Boston Jr.,NOP,SG,77.75,82.75,5,42,993,21.9,1.4,5.2,6.5,4.5,2.6,0.4,107,120,0.5,0.788,0.436,14.9,0.633,0.367,0.485,0.35,0.066
Brandon Clarke,MEM,PF,79.25,80.25,1,64,1207,20.6,4.9,7.7,12.6,2.5,2,1.4,131,112,0.622,0.701,0.621,5.7,0.955,0.045,0.647,0.059,0.079
Brandon Ingram,TOR,SF,79,87,8,18,595,32.6,1.4,6.8,8.1,7.6,1.3,0.9,104,121,0.53,0.855,0.465,16,0.655,0.345,0.514,0.374,0.027
Brandon Miller,CHA,SF,81,83.5,3,27,924,30.2,1.3,5.6,7,5.2,1.5,1.1,104,117,0.509,0.861,0.403,19,0.403,0.597,0.475,0.355,0.037
Brice Sensabaugh,UTA,SF,78,83,5,71,1432,25.9,1.4,5.6,7,3.7,1.5,0.3,111,122,0.59,0.89,0.459,18.7,0.379,0.621,0.52,0.422,0.008
Bronny James,LAL,PG,73.5,79.25,5.75,27,181,16.8,1.1,3.8,4.9,6,2.4,0.8,89,115,0.381,0.786,0.313,16.6,0.522,0.478,0.343,0.281,0.015
Brook Lopez,MIL,C,83.25,89.5,6.25,80,2546,19.8,2.1,5.5,7.6,2.7,0.9,2.8,122,114,0.599,0.826,0.509,16,0.518,0.482,0.636,0.373,0.071
Bruce Brown,NOP,SG,75.25,81,5.75,41,922,17.8,2.1,6.5,8.6,4.4,1.8,0.5,107,118,0.464,0.815,0.421,11.1,0.738,0.262,0.452,0.333,0.023
Bryce McGowens,POR,SG,77.25,80.75,3.5,13,32,19.7,3,1.5,4.6,3,1.5,0,79,120,0.286,0.833,0.286,11.3,0.714,0.286,0.4,0,0.143
Bub Carrington,WAS,SG,75.75,80,4.25,82,2458,15.6,0.6,6,6.6,7,1,0.4,104,121,0.493,0.812,0.401,19.1,0.456,0.544,0.475,0.339,0.027
Buddy Hield,GSW,SG,75.75,81.25,5.5,82,1863,23.8,1.3,5.6,6.9,3.5,1.8,0.6,108,113,0.546,0.828,0.417,20,0.302,0.698,0.527,0.37,0.011
CJ McCollum,NOP,SG,74.25,78.25,4,56,1832,31.3,1.1,4.5,5.6,6,1.2,0.6,110,123,0.53,0.717,0.444,16.1,0.541,0.459,0.505,0.373,0.003
Cade Cunningham,DET,SG,78,84.25,6.25,70,2452,35.9,1.1,7.2,8.3,12.5,1.4,1,112,113,0.521,0.846,0.469,12.6,0.713,0.287,0.515,0.356,0.033
Caleb Houstan,ORL,SG,79.5,83,3.5,58,788,15.1,1.2,3.5,4.8,2.2,1.4,0.4,123,114,0.589,0.882,0.421,22.4,0.158,0.842,0.533,0.4,0.005
Caleb Martin,DAL,SF,76,82.25,6.25,45,1218,14.3,2.1,5,7.1,3.8,1.9,0.9,105,119,0.485,0.622,0.424,13.2,0.661,0.339,0.458,0.359,0.03
Cam Christie,LAC,SG,76.5,80,3.5,13,59,15,2.5,7.5,10,5,4.2,0.8,86,105,0.333,0.5,0.292,15.9,0.458,0.542,0.455,0.154,0.083
Cam Reddish,LAL,SF,78.5,84.5,6,33,589,8.8,1.4,4.1,5.5,1.8,2.8,0.8,106,114,0.473,0.615,0.404,14.7,0.5,0.5,0.532,0.277,0.096
Cam Spencer,MEM,SG,75,77,2,25,252,19.6,2.2,3.3,5.5,6.3,1.7,0.2,134,117,0.53,1,0.415,19,0.354,0.646,0.517,0.358,0
Cam Thomas,BKN,SG,75,78.5,3.5,25,781,38.2,1,4.3,5.3,6,1,0.1,111,120,0.513,0.881,0.438,16.3,0.57,0.43,0.506,0.349,0
Cam Whitmore,HOU,SF,77.75,80.5,2.75,51,827,28.1,2.1,6.8,8.9,2.9,1.8,0.8,112,111,0.525,0.75,0.444,14.9,0.546,0.454,0.518,0.355,0.112
Cameron Johnson,BKN,PF,79,82,3,57,1800,29.6,1.5,5.3,6.8,5.4,1.5,0.7,122,117,0.582,0.893,0.475,17.2,0.454,0.546,0.578,0.39,0.035
Cameron Payne,NYK,PG,72.75,79.25,6.5,72,1090,22.8,0.6,4.1,4.7,9.2,1.8,0.7,115,116,0.506,0.907,0.401,17.8,0.426,0.574,0.453,0.363,0
Caris LeVert,ATL,SF,77.75,82,4.25,64,1596,23.1,1.2,4.8,6,6.4,1.7,1,119,115,0.556,0.71,0.467,14.3,0.526,0.474,0.552,0.373,0.053
Cason Wallace,OKC,PG,74.5,80.5,6,68,1876,14.5,1.8,4,5.9,4.4,3.1,0.9,118,108,0.55,0.811,0.474,13.2,0.575,0.425,0.562,0.356,0.065
Charles Bassey,SAS,C,81,87.5,7,36,376,20.2,7.2,12.3,19.5,2.2,1.8,3.9,118,110,0.581,0.636,0.581,3.5,1,0,0.581,NA,0.325
Chet Holmgren,OKC,C,84,90,6,32,877,26.2,2.6,11.4,14.1,3.4,1.3,3.9,116,103,0.554,0.754,0.49,12.4,0.66,0.34,0.547,0.379,0.117
Chris Boucher,TOR,C,80,88,8,50,862,28,3.9,8.6,12.5,1.8,1.3,1.4,123,114,0.586,0.782,0.492,14.9,0.478,0.522,0.633,0.363,0.111
Chris Paul,SAS,PG,73,76,3,82,2292,15.2,0.7,5.5,6.2,12.8,2.2,0.5,125,118,0.547,0.924,0.427,21.2,0.364,0.636,0.514,0.377,0
Christian Braun,DEN,SF,77.5,78.5,1,79,2675,21.9,1.8,5.6,7.4,3.7,1.5,0.7,133,118,0.634,0.827,0.58,9.9,0.727,0.273,0.648,0.397,0.124
Christian Koloko,LAL,C,82.75,89.25,6.5,37,342,12.9,5,8.2,13.2,2.3,1.2,2.3,128,113,0.606,0.714,0.606,4.6,0.939,0.061,0.645,0,0.455
Clint Capela,ATL,C,82,88.5,6.5,55,1176,19.4,6.9,11.7,18.7,2.5,1.4,2.1,120,113,0.559,0.536,0.559,3,0.997,0.003,0.56,0,0.262
Coby White,CHI,PG,75.5,77,1.5,74,2450,28.8,0.5,4.7,5.2,6.3,1.3,0.3,114,118,0.55,0.902,0.453,16.6,0.479,0.521,0.544,0.37,0.01
Cody Martin,PHX,SF,76.75,82.25,5.5,53,1173,15,2.2,7.2,9.4,4.4,2.4,1.3,106,115,0.485,0.705,0.418,15.3,0.535,0.465,0.534,0.285,0.052
Cody Williams,UTA,SF,78.5,85,6.5,50,1060,10.4,1.2,3.9,5.1,2.7,1,0.7,89,123,0.391,0.725,0.323,16.3,0.475,0.525,0.393,0.259,0.035
Colby Jones,WAS,SG,76.5,80,3.5,39,515,14.6,2,6.1,8.1,4.1,2.4,1.2,109,116,0.519,0.657,0.457,14.6,0.62,0.38,0.538,0.327,0.039
Cole Anthony,ORL,PG,74,76.5,2.5,67,1234,25.5,1.9,6.4,8.3,7.7,1.8,1.3,106,110,0.494,0.823,0.424,15.6,0.599,0.401,0.471,0.353,0.007
Cole Swider,TOR,PF,81,83,2,10,169,16.8,1.4,6.3,7.7,0.9,1.1,0.6,93,116,0.468,0,0.349,23.2,0.254,0.746,0.438,0.319,0
Collin Sexton,UTA,PG,72.5,79.25,6.75,63,1758,31.6,1.6,3,4.7,7.2,1.3,0.2,115,124,0.543,0.865,0.48,13.1,0.687,0.313,0.513,0.406,0.006
Corey Kispert,WAS,SF,78,79,1,61,1602,20.9,1.1,4.3,5.4,3.1,0.8,0.4,112,123,0.558,0.852,0.451,17.5,0.416,0.584,0.574,0.364,0.012
Cory Joseph,ORL,PG,74,77.5,3.5,50,612,14.4,1.4,4.7,6,5.9,2.1,0.3,118,111,0.529,0.778,0.403,20.4,0.305,0.695,0.489,0.364,0
Craig Porter Jr.,CLE,PG,73,76,3,51,513,17.6,1.8,4.5,6.3,6.7,1.6,1.4,116,113,0.589,0.719,0.514,12.3,0.657,0.343,0.554,0.438,0.05
D'Angelo Russell,BKN,PG,75.25,81.75,6.5,58,1480,24.5,0.7,4.7,5.4,9.9,1.9,0.8,109,116,0.479,0.834,0.39,18.4,0.436,0.564,0.489,0.314,0.002
Dalano Banton,POR,SG,81,82.25,1.25,67,1120,24.3,1.3,4.6,5.9,6.9,1.9,1.5,103,115,0.462,0.728,0.391,14.4,0.562,0.438,0.442,0.324,0.024
Dalen Terry,CHI,SG,78,84.75,6.75,73,987,15.4,1.8,4.1,5.9,4.6,2.1,0.7,108,116,0.517,0.71,0.448,11.7,0.612,0.388,0.506,0.356,0.049
Dalton Knecht,LAL,SF,77.25,81,3.75,78,1494,23.2,1.2,5.9,7.1,2.2,0.8,0.3,117,118,0.576,0.762,0.461,18.1,0.39,0.61,0.594,0.376,0.095
Damian Lillard,MIL,PG,73.75,79.75,6,58,2093,33.4,0.7,5.6,6.3,9.5,1.6,0.2,122,115,0.547,0.921,0.448,18.5,0.472,0.528,0.528,0.376,0.005
Daniel Gafford,DAL,C,81.25,86.5,5.25,57,1226,27.7,6.1,9.2,15.3,3.2,0.9,4,137,113,0.702,0.689,0.702,2.6,1,0,0.702,NA,0.325
Dante Exum,DAL,SG,77,81,4,20,372,22.6,0.5,3.8,4.3,7.3,1.6,0.4,116,119,0.563,0.742,0.478,13.3,0.604,0.396,0.506,0.434,0.03
Dario Å ariÄ‡,DEN,PF,81.5,82,0.5,16,210,12.8,3.2,8.2,11.4,5.3,1.6,0.2,97,116,0.422,0.7,0.362,14.1,0.552,0.448,0.438,0.269,0
Dariq Whitehead,BKN,SG,77.75,82.25,4.5,20,246,23.1,0.8,5.1,5.9,2.4,1.2,0.2,102,118,0.578,0.6,0.406,21.3,0.229,0.771,0.273,0.446,0.01
Darius Garland,CLE,PG,73,77,4,75,2301,32.3,1,3.5,4.5,10.6,1.9,0.2,121,115,0.562,0.878,0.472,16.3,0.549,0.451,0.53,0.401,0.002
David Roddy,HOU,PF,76.5,83.5,7,33,410,17.6,1.5,8.2,9.6,4,1.6,1,109,115,0.532,0.769,0.456,16.3,0.512,0.488,0.594,0.311,0.016
Davion Mitchell,MIA,PG,72,76.25,4.25,74,2027,14.2,0.8,3.2,4,8.8,1.7,0.4,113,117,0.557,0.69,0.468,14.2,0.557,0.443,0.525,0.398,0
Day'Ron Sharpe,BKN,C,81,84,3,50,907,21.8,8.2,9.9,18.1,5,2.3,2.3,117,111,0.538,0.757,0.521,6.6,0.858,0.142,0.566,0.244,0.114
De'Aaron Fox,SAS,PG,74,78.5,4.5,62,2241,31.7,1.2,5.3,6.5,8.5,2,0.5,113,117,0.514,0.827,0.463,14.4,0.672,0.328,0.538,0.31,0.019
De'Andre Hunter,CLE,SF,79,86,7,64,1740,29.6,1.2,5.8,7,2.5,1.4,0.4,120,117,0.573,0.846,0.47,16.5,0.491,0.509,0.537,0.405,0.039
De'Anthony Melton,BKN,SG,74.25,80.5,6.25,6,121,24.9,2.4,5.6,8,6.8,2.8,0.8,106,110,0.528,0.625,0.407,18.2,0.352,0.648,0.474,0.371,0.037
DeAndre Jordan,DEN,C,81.75,90,8.25,56,691,14.5,5.8,13.9,19.8,3.7,1.1,1.9,121,112,0.65,0.422,0.65,2.3,1,0,0.65,NA,0.514
DeMar DeRozan,SAC,SF,77.5,81,3.5,77,2768,30.2,0.9,4.4,5.3,6,1.1,0.6,120,119,0.509,0.857,0.477,15.3,0.804,0.196,0.513,0.328,0.006
Dean Wade,CLE,PF,81,82,1,59,1252,12.3,2,7.6,9.6,2.9,1.6,0.8,123,112,0.561,0.533,0.413,21,0.181,0.819,0.653,0.36,0.033
Deandre Ayton,POR,C,83,90,7,40,1206,23.2,5,11.4,16.4,2.6,1.2,1.6,115,112,0.573,0.667,0.566,8.4,0.932,0.068,0.594,0.188,0.165
Dejounte Murray,NOP,PG,76,82,6,31,1012,25.9,0.8,8.8,9.6,10.9,3,0.6,101,116,0.445,0.823,0.393,14.8,0.648,0.352,0.444,0.299,0.012
Delon Wright,NYK,PG,76.25,79.5,3.25,40,635,9.6,2.1,3,5.1,5.9,2.7,0.9,105,114,0.42,0.6,0.344,15.6,0.443,0.557,0.431,0.274,0
Deni Avdija,POR,SF,80.75,80.5,-0.25,72,2161,27.4,2.5,9.3,11.7,6.3,1.6,0.8,116,113,0.55,0.78,0.476,12.9,0.595,0.405,0.552,0.365,0.027
Dennis SchrÃ¶der,DET,PG,73,79.75,6.75,75,2105,22.7,0.6,4,4.6,9.4,1.5,0.3,111,117,0.483,0.838,0.406,16.7,0.551,0.449,0.458,0.342,0
Dereck Lively II,DAL,C,85,91,6,36,833,18.2,6,9.6,15.7,4.9,1.2,3.3,138,113,0.702,0.63,0.702,3.1,1,0,0.702,NA,0.393
Derrick Jones Jr.,LAC,PF,78,84,6,77,1873,20.5,2.4,4.5,6.9,1.6,2.1,0.9,118,112,0.593,0.703,0.526,11.4,0.628,0.372,0.627,0.356,0.209
Derrick White,BOS,SG,75.25,79.5,4.25,76,2574,24.3,1.3,5.3,6.6,7,1.4,1.6,123,112,0.58,0.839,0.442,20.7,0.279,0.721,0.593,0.384,0.009
Desmond Bane,MEM,SG,77,76.25,-0.75,69,2205,28,1.3,7.5,8.8,7.8,1.7,0.6,119,113,0.565,0.894,0.484,14.7,0.589,0.411,0.548,0.392,0.005
Devin Booker,PHX,SG,76.5,80.25,3.75,75,2795,34,1.3,4.1,5.4,9.4,1.2,0.3,119,123,0.525,0.894,0.461,16.2,0.612,0.388,0.542,0.332,0.013
Devin Carter,SAC,SG,74.25,80.75,6.5,36,396,17,2.3,7,9.4,5.1,2.6,0.5,104,114,0.441,0.591,0.37,15.6,0.52,0.48,0.439,0.295,0.063
Devin Vassell,SAS,SG,77,82,5,64,1983,25.4,0.8,5.4,6.2,4.5,2,0.8,109,118,0.532,0.792,0.443,17.2,0.517,0.483,0.513,0.368,0.046
Dillon Brooks,HOU,SF,77,78,1,75,2388,21.5,1.5,4.1,5.6,2.6,1.2,0.3,117,114,0.533,0.818,0.429,17.3,0.476,0.524,0.465,0.397,0.019
Dillon Jones,OKC,SF,76.5,83,6.5,54,551,11.8,2.6,7.9,10.5,5.1,1.4,0.3,103,109,0.444,0.607,0.383,14.4,0.526,0.474,0.5,0.254,0
Domantas Sabonis,SAC,C,82,83,1,70,2429,26.9,5.4,14.2,19.6,8.5,1,0.5,128,114,0.627,0.754,0.59,8.1,0.825,0.175,0.627,0.417,0.097
Dominick Barlow,ATL,PF,80.75,87,6.25,35,375,18.5,4.4,6.2,10.6,2.4,1.1,2,129,116,0.562,0.636,0.531,9.3,0.761,0.239,0.616,0.259,0.159
Donovan Clingan,POR,C,85.75,90.75,5,67,1324,16,8,11.4,19.3,2.8,1.2,4,120,109,0.56,0.596,0.539,5.8,0.853,0.147,0.582,0.286,0.207
Donovan Mitchell,CLE,SG,73.25,82,8.75,71,2232,36.7,1.2,5.7,6.9,7.6,2,0.4,118,113,0.531,0.823,0.443,17,0.52,0.48,0.512,0.368,0.014
Donte DiVincenzo,MIN,SG,75.5,78,2.5,62,1606,22.2,1,6,7,6.9,2.2,0.5,115,111,0.568,0.778,0.422,20.5,0.261,0.739,0.49,0.397,0.013
Dorian Finney-Smith,LAL,SF,78.5,83.75,5.25,63,1818,14.9,2.2,4.5,6.7,2.4,1.6,0.6,118,117,0.597,0.667,0.448,18.8,0.278,0.722,0.545,0.411,0.037
Doug McDermott,SAC,SF,78.25,81.25,3,42,342,21,0.4,2.7,3.1,1,0.6,0.3,119,122,0.615,0.6,0.427,23.3,0.137,0.863,0.375,0.436,0.009
Draymond Green,GSW,PF,77.75,85.25,7.5,68,1983,15,1.8,8.3,10.2,9.4,2.4,1.7,107,109,0.503,0.687,0.424,14.9,0.517,0.483,0.517,0.325,0.029
Drew Eubanks,LAC,C,81,83,2,61,746,18.1,3.9,10.7,14.6,3.5,0.8,2.5,120,115,0.601,0.662,0.593,4.7,0.969,0.031,0.596,0.5,0.289
Duop Reath,POR,C,81,85,4,46,469,20.1,4.6,5,9.5,2.7,1.2,1.5,120,116,0.524,0.909,0.422,17.5,0.361,0.639,0.6,0.321,0.03
Dyson Daniels,ATL,SG,78,82.5,4.5,76,2571,19.5,2.3,5.9,8.2,6.1,4.2,1,110,111,0.536,0.593,0.493,10.4,0.745,0.255,0.545,0.34,0.054
E.J. Liddell,CHI,PF,77.5,83.75,6.25,12,53,18.5,2.6,5.3,7.9,2.6,0.9,0.9,126,118,0.633,1,0.533,20.3,0.333,0.667,1,0.3,0
Emoni Bates,CLE,SF,80.25,81,0.75,10,75,23.7,0,4.5,4.5,5.1,0.6,0.6,105,117,0.487,NA,0.342,23.4,0.211,0.789,0.25,0.367,0
Eric Gordon,PHI,SG,74,81,7,39,768,17.1,0.5,2.4,3,4.2,1.7,0.8,116,122,0.564,0.75,0.426,19.9,0.328,0.672,0.463,0.409,0.005
Evan Mobley,CLE,PF,83,88,5,71,2167,29.2,3.6,11,14.6,5,1.4,2.5,124,108,0.604,0.725,0.557,9.4,0.746,0.254,0.621,0.37,0.22
Franz Wagner,ORL,SF,81,83.5,2.5,60,2023,35.8,1.4,7.1,8.4,7,1.9,0.5,113,110,0.507,0.871,0.463,12.5,0.697,0.303,0.535,0.295,0.036
Fred VanVleet,HOU,PG,72,74,2,60,2111,19.5,0.7,4.4,5.1,7.7,2.2,0.6,117,112,0.483,0.81,0.378,20.2,0.393,0.607,0.43,0.345,0
GG Jackson II,MEM,PF,80.25,83.5,3.25,29,459,21.2,2.7,6.6,9.3,2.9,1.2,0.5,99,115,0.452,0.725,0.372,14.6,0.523,0.477,0.404,0.337,0.085
Gary Harris,ORL,SG,74.5,78.75,4.25,48,711,10.2,1.4,3.1,4.5,2.1,1.8,0.8,107,112,0.519,0.583,0.383,20.7,0.241,0.759,0.469,0.356,0.008
Gary Payton II,GSW,SG,74,80,6,62,927,21,2.8,6.9,9.7,4.4,2.7,0.9,124,110,0.626,0.711,0.574,10.1,0.681,0.319,0.69,0.326,0.128
Gary Trent Jr.,MIL,SG,76.25,80.75,4.5,74,1893,21,0.5,3.8,4.3,2.2,1.8,0.1,115,116,0.568,0.848,0.431,20.4,0.341,0.659,0.46,0.416,0.003
Georges Niang,ATL,PF,78.75,82,3.25,79,1697,22,1.3,6.3,7.6,3.1,0.8,0.4,115,117,0.595,0.793,0.461,18.1,0.34,0.66,0.569,0.406,0
Giannis Antetokounmpo,MIL,PF,83,87,4,67,2289,43,3.1,13.8,16.9,9.1,1.2,1.6,122,109,0.607,0.617,0.601,7,0.952,0.048,0.62,0.222,0.205
Goga Bitadze,ORL,C,82.5,86,3.5,70,1430,17.5,5.8,10.3,16.2,4.8,1.7,3.4,127,105,0.615,0.639,0.611,4.9,0.917,0.083,0.656,0.107,0.289
Gradey Dick,TOR,SG,78.25,80.75,2.5,54,1587,23.6,1.3,4.5,5.9,3,1.5,0.3,107,117,0.498,0.858,0.41,16.3,0.496,0.504,0.47,0.35,0.034
Grant Williams,CHA,PF,77.75,81.75,4,16,479,17,1.8,6.6,8.4,3.8,1.8,1.3,112,116,0.549,0.838,0.439,17.9,0.398,0.602,0.551,0.365,0.024
Grayson Allen,PHX,SG,75,79.25,4.25,64,1544,21.8,1.1,5.1,6.2,4.4,1.7,0.6,119,120,0.6,0.816,0.448,20,0.284,0.716,0.504,0.426,0.018
Guerschon Yabusele,PHI,PF,79.5,85,5.5,70,1895,20,3.5,6.8,10.3,3.9,1.5,0.6,122,119,0.593,0.725,0.501,14.4,0.513,0.487,0.616,0.38,0.089
Harrison Barnes,SAS,PF,79,83.25,4.25,82,2230,21.9,2.1,4.6,6.7,2.9,0.8,0.3,132,122,0.622,0.809,0.508,14.8,0.473,0.527,0.591,0.433,0.042
Harrison Ingram,SAS,SF,77.25,84.25,7,5,35,5.5,2.8,9.7,12.4,4.1,4.1,0,117,111,0.5,NA,0.5,13.1,0.75,0.25,0.667,0,0
Harry Giles ,III,C,83,87,4,NA,NA,NA,NA,NA,NA,NA,NA,NA,NA,NA,NA,NA,NA,NA,NA,NA,NA,NA,NA
Haywood Highsmith,MIA,SF,77,83.5,7,74,1818,13.1,2,4.9,6.9,3.1,1.9,1,116,114,0.572,0.721,0.458,16.4,0.404,0.596,0.57,0.382,0.049
Herbert Jones,NOP,SF,78,84.25,6.25,20,648,15.3,1.6,4.2,5.8,4.9,2.8,0.7,108,119,0.5,0.825,0.436,13.5,0.581,0.419,0.53,0.306,0.029
Immanuel Quickley,TOR,PG,74,80.25,6.25,33,918,29.6,0.8,5.3,6.1,10,1.2,0.2,119,117,0.517,0.867,0.42,17.3,0.486,0.514,0.465,0.378,0.002
Isaac Okoro,CLE,SF,77,80.5,3.5,55,1053,15.4,2.2,3.7,5.9,3.1,1.5,0.7,125,115,0.569,0.717,0.464,14.8,0.434,0.566,0.586,0.371,0.052
Isaiah Collier,UTA,PG,74.5,76.75,2.25,71,1839,16,0.8,5.3,6.1,11.6,1.7,0.4,99,121,0.459,0.682,0.422,12,0.695,0.305,0.497,0.249,0.027
Isaiah Hartenstein,OKC,C,83.5,86.25,2.75,57,1590,19.2,4.9,13.5,18.4,6.6,1.4,1.9,124,104,0.581,0.675,0.581,6.7,0.96,0.04,0.605,0,0.2
Isaiah Jackson,IND,C,81.5,86.25,4.75,5,84,20,6.3,9.7,16,2.9,1.7,4.6,119,108,0.609,0.5,0.609,1.9,1,0,0.609,NA,0.304
Isaiah Joe,OKC,SG,75,79.5,4.5,74,1604,22.6,1.2,4.6,5.9,3.6,1.4,0.3,125,112,0.604,0.821,0.44,22.3,0.207,0.793,0.549,0.412,0.015
Isaiah Stewart,DET,C,79.25,88.75,9.5,72,1434,14.6,4.4,9,13.4,4.1,0.9,3.4,125,110,0.586,0.759,0.559,7.2,0.832,0.168,0.607,0.321,0.111
Ivica Zubac,LAC,C,83.5,88,4.5,80,2624,25.1,5.6,13.3,19,4,1,1.7,129,108,0.628,0.661,0.628,4.4,1,0,0.628,NA,0.203
JD Davison,BOS,PG,72.5,78.5,6,16,93,17.8,1.1,5.9,7,7,2.7,0.5,82,110,0.412,0.714,0.353,17.8,0.471,0.529,0.5,0.222,0.059
JT Thor,WAS,PF,80.5,87.25,6.75,20,249,13.6,3.8,5.4,9.2,1.1,1.5,1.7,106,118,0.475,0.682,0.424,14,0.644,0.356,0.5,0.286,0.102
Ja Morant,MEM,PG,74.5,78,3.5,50,1519,35.5,1,5.2,6.3,11.1,1.9,0.4,113,115,0.504,0.824,0.454,12.7,0.679,0.321,0.523,0.309,0.022
Ja'Kobe Walter,TOR,PG,76.25,82,5.75,52,1103,19.6,2.6,4.4,7,3.5,1.9,0.4,108,116,0.487,0.795,0.405,15,0.527,0.473,0.454,0.349,0.041
Jabari Smith Jr.,HOU,PF,82.5,85,2.5,57,1716,19.8,3,8.3,11.3,1.7,0.7,1.2,118,112,0.525,0.825,0.438,16.2,0.511,0.489,0.519,0.354,0.057
Jabari Walker,POR,PF,78.75,82.75,4,60,749,20.3,3.8,9.9,13.7,2.4,2.1,0.4,120,112,0.576,0.69,0.515,10.1,0.686,0.314,0.573,0.389,0.07
Jaden Hardy,DAL,SG,75.5,81,5.5,57,907,26.5,0.5,4.3,4.7,4.3,1.5,0.3,99,119,0.527,0.698,0.435,16.2,0.524,0.476,0.479,0.386,0.027
Jaden Ivey,DET,SG,75.5,81,5.5,30,898,28.3,2.1,4.5,6.6,6.4,1.5,0.6,108,115,0.536,0.733,0.46,13.7,0.627,0.373,0.49,0.409,0.024
Jaden McDaniels,MIN,SF,81,83,2,82,2614,18.9,2.4,6.4,8.9,3.1,2.1,1.4,115,110,0.537,0.813,0.477,12.8,0.637,0.363,0.561,0.33,0.074
Jaden Springer,UTA,SG,75,79.75,4.75,43,365,14.6,2.3,5.5,7.8,4.4,3.2,0.5,110,114,0.456,0.711,0.389,16.6,0.467,0.533,0.548,0.25,0.033
Jae Crowder,SAC,PF,76.75,81.25,4.5,9,103,10.9,2.8,6.6,9.5,2.8,1.4,0,103,118,0.409,0.833,0.318,20.6,0.318,0.682,0.429,0.267,0
Jae'Sean Tate,HOU,PF,76,80,4,52,588,15.6,4.1,5.5,9.7,3.9,2.2,0.6,122,111,0.527,0.681,0.473,10.4,0.689,0.311,0.529,0.348,0.041
Jaime Jaquez Jr.,MIA,SF,78,81.5,3.5,66,1368,20.8,3.1,7.5,10.6,6.1,2.2,0.5,108,112,0.501,0.754,0.461,9.9,0.742,0.258,0.513,0.311,0.032
Jake LaRavia,SAC,SF,78.75,81.5,2.75,66,1349,16,3.1,5.9,9,5.5,2.2,0.8,117,114,0.564,0.678,0.475,14.6,0.579,0.421,0.513,0.423,0.074
Jakob Poeltl,TOR,C,84.25,86.75,2.5,57,1686,23.5,5.4,10.2,15.6,4.5,1.9,2,122,110,0.628,0.674,0.627,5,0.995,0.005,0.628,0.333,0.055
Jalen Brunson,NYK,PG,73,76,3,65,2301,36.4,0.6,3.5,4,10.2,1.3,0.2,123,118,0.551,0.821,0.488,14.2,0.669,0.331,0.539,0.383,0
Jalen Duren,DET,C,82.25,89,6.75,78,2034,21.7,6.5,12.5,19.1,4.9,1.3,2.1,134,109,0.692,0.669,0.692,2.5,1,0,0.692,NA,0.441
Jalen Green,HOU,SG,76,79.5,3.5,82,2697,31.1,0.8,6,6.8,5.1,1.3,0.5,110,113,0.505,0.813,0.423,16.3,0.54,0.46,0.482,0.354,0.046
Jalen Hood-Schifino,PHI,PG,76.25,82.25,6,15,315,16.6,0.5,3.8,4.2,5.8,0.8,1.1,100,122,0.449,0.857,0.378,16.8,0.531,0.469,0.442,0.304,0
Jalen Johnson,ATL,PF,79.75,84.25,4.5,36,1284,24.8,2.3,10.8,13.1,6.6,2,1.3,110,113,0.541,0.746,0.5,10.2,0.74,0.26,0.566,0.312,0.127
Jalen Pickett,DEN,PG,74,79.25,5.25,49,666,14.4,1.1,4,5.1,7.7,1.4,0.4,120,119,0.539,0.75,0.428,18.8,0.439,0.561,0.468,0.396,0
Jalen Smith,CHI,PF,81.25,86.25,5,64,962,25.4,4.3,13,17.3,3.2,0.8,2.1,120,112,0.554,0.809,0.466,15.4,0.456,0.544,0.634,0.324,0.071
Jalen Suggs,ORL,PG,75.5,77.5,2,35,1002,28.3,1.1,5.9,7,6.4,2.5,1.6,101,108,0.489,0.882,0.41,17.7,0.497,0.503,0.506,0.314,0.008
Jalen Williams,OKC,SG,76.5,86.25,9.75,69,2237,32,1.3,6.7,7.9,7.6,2.4,1,116,107,0.537,0.789,0.484,13.3,0.709,0.291,0.533,0.365,0.069
Jalen Wilson,BKN,SF,77.5,80,2.5,79,2031,18.4,1.8,4.8,6.6,3.6,1,0.1,110,119,0.495,0.818,0.397,16.9,0.416,0.584,0.481,0.337,0.002
Jamal Murray,DEN,PG,75.5,78.5,3,67,2418,28.6,0.9,4.3,5.2,8,1.8,0.7,120,118,0.543,0.886,0.474,15.6,0.646,0.354,0.518,0.393,0.012
Jamal Shead,TOR,PG,72.25,75,2.75,75,1467,17.5,1,2.8,3.8,10.4,1.9,0.3,104,117,0.476,0.768,0.405,15.3,0.558,0.442,0.47,0.323,0.016
James Harden,LAC,SG,76,82.75,6.75,79,2789,31.8,1,7.1,8.1,12.1,2.1,1,114,110,0.501,0.874,0.41,17.3,0.484,0.516,0.472,0.352,0.003
Jarace Walker,IND,PF,78.5,86.5,8,75,1187,18.7,1,8.3,9.3,4.5,2.2,1,106,112,0.576,0.667,0.472,16.4,0.486,0.514,0.543,0.405,0.081
Jared McCain,PHI,SG,74,75.5,1.5,23,592,29.3,1.1,3.6,4.7,5,1.2,0,113,123,0.553,0.875,0.46,16,0.515,0.485,0.532,0.383,0.007
Jaren Jackson Jr.,MEM,PF,81.75,89.25,7.5,74,2207,34.6,1.9,6.9,8.8,3.1,1.9,2.4,115,111,0.548,0.781,0.488,13.1,0.679,0.321,0.541,0.375,0.029
Jarred Vanderbilt,LAL,PF,80.5,85,4.5,36,581,12.4,5.8,9.7,15.4,3.5,3,0.8,115,110,0.525,0.556,0.488,8.2,0.736,0.264,0.562,0.281,0.289
Jarrett Allen,CLE,C,81,89.25,8.25,82,2296,23.1,4.5,12.2,16.7,3.3,1.6,1.5,142,108,0.706,0.718,0.706,3.6,0.992,0.008,0.712,0,0.272
Jaxson Hayes,LAL,C,82.25,87.5,5.25,56,1093,17.2,3.5,8.6,12.1,2.6,1.4,2.3,135,112,0.722,0.622,0.722,2.9,0.987,0.013,0.732,0,0.578
Jaylen Brown,BOS,SF,77.25,83.75,6.5,63,2158,32.5,1.9,6.6,8.6,6.6,1.7,0.4,112,112,0.515,0.764,0.463,13.4,0.68,0.32,0.529,0.324,0.045
Jaylen Clark,MIN,SG,76,81,5,40,522,15.4,2.5,2.6,5,2.5,3.4,0.2,130,111,0.558,0.784,0.467,13.4,0.575,0.425,0.493,0.431,0.025
Jaylen Wells,MEM,SF,78.5,79.25,0.75,79,2043,18.7,2,4.1,6.1,3.1,1,0.2,117,118,0.527,0.822,0.425,17.4,0.42,0.58,0.525,0.352,0.036
Jaylin Williams,OKC,C,80.75,85,4.25,47,784,17,2.9,13.1,16,7.3,1.3,1.8,127,104,0.577,0.767,0.439,19.7,0.308,0.692,0.529,0.399,0.059
Jaylon Tyson,CLE,SG,77.5,80,2.5,47,453,17.7,3.9,6.3,10.2,4.7,1.4,0.3,111,114,0.497,0.792,0.43,12.4,0.611,0.389,0.484,0.345,0.047
Jayson Tatum,BOS,SF,79.5,83,3.5,72,2624,36.9,0.9,11,11.9,8.2,1.5,0.7,117,110,0.537,0.814,0.452,17.1,0.503,0.497,0.559,0.343,0.059
Jeff Green,HOU,PF,79,85.25,6.25,32,396,21.1,1.4,5.8,7.1,2.5,0.7,0.5,134,114,0.624,0.808,0.504,18.5,0.347,0.653,0.762,0.367,0.074
Jerami Grant,POR,PF,78.5,86.75,8.25,47,1524,21.6,0.8,4.4,5.2,3.2,1.3,1.5,109,117,0.467,0.849,0.373,16,0.484,0.516,0.381,0.365,0.035
Jeremiah Robinson-Earl,NOP,PF,79.75,81.75,2,66,1239,16.3,4.3,8,12.3,3.4,1.5,0.3,117,120,0.536,0.836,0.455,14,0.527,0.473,0.557,0.341,0.026
Jeremy Sochan,SAS,PF,80.5,83.75,3.25,54,1364,21.9,4.5,8,12.5,4.5,1.6,1,116,117,0.565,0.696,0.535,7.4,0.806,0.194,0.59,0.308,0.196
Jericho Sims,MIL,C,82,87,5,53,632,7.6,5.5,9.8,15.3,2.6,0.8,1.5,121,113,0.634,0.615,0.634,2.5,1,0,0.634,NA,0.577
Jett Howard,ORL,SF,80,81,1,60,701,19,1.4,3.6,5,3.1,0.9,0.8,97,114,0.479,0.696,0.374,20.8,0.29,0.71,0.566,0.296,0.027
Jevon Carter,CHI,PG,72.25,76.25,4,36,321,22.2,0.6,5.1,5.7,5.8,1.9,0.4,107,117,0.497,0.8,0.377,20.3,0.281,0.719,0.488,0.333,0.007
Jimmy Butler,GSW,SF,78,79.5,1.5,55,1746,27.2,3.5,4.8,8.3,8.4,2.2,0.5,136,113,0.531,0.842,0.504,9,0.826,0.174,0.546,0.308,0.092
Jock Landale,HOU,C,83,86,3,42,500,19.5,5.5,7.9,13.3,3.6,1.3,1,126,111,0.569,0.675,0.533,9.2,0.829,0.171,0.556,0.423,0.105
Joe Ingles,MIN,SF,79.75,82.25,2.5,19,114,6.5,0.9,3.9,4.8,10,0.9,0,86,116,0.326,NA,0.261,19.4,0.348,0.652,0.375,0.2,0
Joel Embiid,PHI,C,83.75,89,5.25,19,574,38.8,3.1,10.2,13.3,7.3,1.2,1.5,114,116,0.481,0.882,0.444,13.5,0.756,0.244,0.492,0.299,0.016
John Collins,UTA,PF,80.25,83.25,3,40,1220,29.8,3.5,9.4,12.9,3.1,1.5,1.6,116,118,0.583,0.848,0.527,11,0.721,0.279,0.577,0.399,0.13
John Konchar,MEM,SF,76.75,80,3.25,46,558,9.3,3.1,9.5,12.6,3.5,2.5,1.2,128,110,0.577,0.875,0.451,18,0.319,0.681,0.621,0.371,0.011
Johnny Furphy,IND,SF,79.5,80,0.5,50,379,13.1,2.9,6.1,9,2.4,2.3,1.4,108,113,0.462,0.818,0.38,15.3,0.457,0.543,0.476,0.3,0.098
Jonas ValanÄiÅ«nas,SAC,C,83,89,6,81,1524,26.6,6,13.8,19.8,5.2,1.2,1.4,118,114,0.557,0.879,0.55,7.3,0.941,0.059,0.571,0.216,0.07
Jonathan Isaac,ORL,PF,82.5,85,2.5,71,1090,17.4,5.5,8.9,14.4,1.8,2.8,3.7,113,103,0.474,0.682,0.414,14.1,0.534,0.466,0.549,0.258,0.16
Jonathan Kuminga,GSW,SF,79,83.25,4.25,47,1144,30.6,2.4,6.8,9.2,4.4,1.6,0.9,108,112,0.495,0.668,0.454,11.3,0.734,0.266,0.508,0.305,0.095
Jonathan Mogbo,TOR,PF,78.25,86,7.75,63,1286,14.6,4.1,7.6,11.6,5.5,2.1,1.3,108,113,0.462,0.732,0.438,8.6,0.803,0.197,0.486,0.243,0.216
Jordan Clarkson,UTA,SG,75.25,80,4.75,37,962,29.9,1.2,4.6,5.9,6.9,1.5,0.4,107,122,0.493,0.797,0.408,16.6,0.529,0.471,0.448,0.362,0.006
Jordan Hawkins,NOP,SG,76.25,78.75,2.5,56,1321,22.1,0.9,4.9,5.8,2.4,1.1,0.8,101,123,0.471,0.816,0.372,19.3,0.403,0.597,0.433,0.331,0.036
Jordan McLaughlin,SAS,PG,71,76.5,5.5,46,314,15.2,0.9,3.7,4.7,7.9,2.5,0.2,122,118,0.563,0.773,0.431,19.5,0.361,0.639,0.462,0.413,0
Jordan Miller,LAC,SF,76.5,83.75,7.25,37,420,17.8,2.7,4.1,6.8,4,2,0.6,103,112,0.463,0.8,0.433,10.2,0.716,0.284,0.521,0.211,0.052
Jordan Poole,WAS,SG,75.5,78.75,3.25,68,2001,33.1,0.7,4.1,4.8,7.2,2,0.6,109,120,0.544,0.883,0.432,18.8,0.412,0.588,0.51,0.378,0.01
Jordan Walsh,BOS,SF,77.75,85.75,8,52,403,10.2,2.9,5.7,8.6,2.4,1.5,1.4,99,112,0.452,0.583,0.361,17.7,0.337,0.663,0.536,0.273,0.084
Jose Alvarado,NOP,PG,71,73,2,56,1366,20.5,1,3.9,4.8,9.2,2.6,0.5,110,120,0.498,0.811,0.392,17.9,0.407,0.593,0.439,0.359,0
Josh Christopher,MIA,SG,75.25,81.25,6,14,69,20.2,0,6.5,6.5,5.8,3.6,2.2,82,107,0.387,0.667,0.355,11.5,0.645,0.355,0.45,0.182,0.097
Josh Giddey,CHI,SF,80,79.5,-0.5,70,2117,22.5,2.8,9.7,12.5,11.1,1.9,1,115,113,0.531,0.781,0.465,12.3,0.652,0.348,0.512,0.378,0.013
Josh Green,CHA,SG,76.5,81.75,5.25,68,1887,13.2,1.5,3,4.5,2.8,1.9,0.4,109,119,0.543,0.681,0.428,16.8,0.411,0.589,0.48,0.391,0.04
Josh Hart,NYK,SF,75.75,80.25,4.5,77,2897,18,2.8,9.9,12.6,7.8,2,0.5,125,112,0.579,0.776,0.525,11.3,0.673,0.327,0.618,0.333,0.03
Josh Minott,MIN,PF,79.5,83.75,4.25,46,276,21.3,2.1,6.3,8.4,3.2,2.7,2.1,121,108,0.567,0.895,0.489,12.9,0.522,0.478,0.638,0.326,0.178
Josh Okogie,CHA,SF,75,84,9,40,625,22.3,3.6,5.4,8.9,2.6,3.8,1.4,114,113,0.519,0.741,0.443,13.2,0.566,0.434,0.517,0.348,0.08
Jrue Holiday,BOS,PG,75.25,79,3.75,62,1896,18.1,2,5,7,6.3,1.7,0.7,121,113,0.538,0.909,0.443,16.2,0.466,0.534,0.547,0.353,0.003
Julian Champagnie,SAS,SF,79,82,3,82,1932,20.4,1.7,6.3,8,2.8,1.5,0.9,113,118,0.549,0.904,0.415,19.3,0.278,0.722,0.53,0.371,0.047
Julian Phillips,CHI,SF,78.75,83.5,4.75,79,1123,15.2,2.8,4.2,7,1.6,1.6,0.8,118,117,0.533,0.789,0.446,14.2,0.467,0.533,0.582,0.327,0.153
Julian Strawther,DEN,SF,78,81.25,3.25,65,1384,20.4,0.6,4.3,4.9,2.9,1.4,0.6,109,119,0.529,0.822,0.432,17.2,0.447,0.553,0.535,0.349,0.012
Julius Randle,MIN,PF,79.75,84,4.25,69,2226,28.5,3.2,7.6,10.8,7.2,1,0.4,117,113,0.542,0.806,0.485,12.4,0.666,0.334,0.555,0.344,0.052
Jusuf NurkiÄ‡,CHA,C,83.5,86,2.5,51,1063,21,3.9,14.5,18.5,5.3,1.9,1.6,105,112,0.523,0.664,0.477,10.9,0.702,0.298,0.551,0.305,0.065
KJ Martin,UTA,SF,78,79.25,1.25,43,912,14.6,1.6,5.1,6.7,2.6,0.9,1.2,124,122,0.59,0.787,0.552,9,0.711,0.289,0.671,0.259,0.254
Karl-Anthony Towns,NYK,C,83,87.5,4.5,72,2517,34.7,4.2,14,18.1,4.4,1.4,1,122,110,0.584,0.829,0.526,10.8,0.722,0.278,0.567,0.42,0.071
Kawhi Leonard,LAC,SF,78,87,9,37,1180,33.2,1.5,7.7,9.1,4.8,2.5,0.7,114,109,0.56,0.81,0.498,14.4,0.695,0.305,0.536,0.411,0.056
Keegan Murray,SAC,PF,80,83,3,76,2610,17.7,2.7,6.8,9.5,2,1.1,1.3,116,117,0.538,0.833,0.444,17.2,0.452,0.548,0.566,0.343,0.087
Kel'el Ware,MIA,C,83.75,88.5,4.75,64,1422,20.9,4.1,12.5,16.6,2.1,1.4,2.5,118,108,0.592,0.687,0.554,9.3,0.761,0.239,0.629,0.315,0.321
Keldon Johnson,SAS,SF,76.75,81.25,4.5,77,1838,25.7,2.9,6.8,9.8,3.3,1.3,0.6,115,119,0.538,0.773,0.482,11.3,0.644,0.356,0.573,0.318,0.044
Kelly Olynyk,NOP,C,82.75,81.75,-1,44,891,20.8,3.4,7.8,11.2,6.9,1.8,1,115,116,0.562,0.769,0.5,11.6,0.705,0.295,0.534,0.418,0.015
Kelly Oubre Jr.,PHI,SF,77.75,86.25,8.5,60,2078,21.5,2.3,6.4,8.7,2.6,2.2,0.7,111,118,0.518,0.751,0.47,11.3,0.673,0.327,0.555,0.293,0.097
Kenrich Williams,OKC,SF,78,79.25,1.25,69,1132,18.5,2.8,7.5,10.2,4.1,1.8,0.4,122,109,0.576,0.718,0.483,15.3,0.517,0.483,0.574,0.386,0.017
Kentavious Caldwell-Pope,ORL,SG,76.5,80,3.5,77,2279,14.7,0.7,3,3.7,3,2.2,0.7,115,112,0.543,0.863,0.439,19.3,0.393,0.607,0.589,0.342,0.029
Keon Ellis,SAC,SG,75.5,80.5,5,80,1948,16.7,1.5,3.8,5.3,3,3,1.6,125,114,0.639,0.849,0.489,19.8,0.308,0.692,0.615,0.433,0.05
Keon Johnson,BKN,SG,75.5,79.25,3.75,79,1925,21.7,1.6,6.1,7.7,4.5,2.1,0.8,100,115,0.47,0.77,0.389,15.6,0.485,0.515,0.468,0.314,0.059
Kessler Edwards,DAL,SF,79,83.25,4.25,40,608,13.4,1.8,7.4,9.1,3.3,1.5,1.6,122,115,0.578,0.923,0.496,12.5,0.6,0.4,0.556,0.407,0.104
Kevin Durant,PHX,PF,81,88.75,7.75,62,2265,36,0.5,7.7,8.2,5.7,1.1,1.7,117,119,0.598,0.839,0.527,15.5,0.669,0.331,0.574,0.43,0.041
Kevin Huerter,CHI,SG,78.25,79.5,1.25,69,1679,19.4,0.9,5,5.8,4.4,1.9,0.7,109,117,0.535,0.714,0.425,18.8,0.353,0.647,0.587,0.338,0.015
Kevin Love,MIA,PF,79.75,83.25,3.5,23,251,24.2,4.4,14.3,18.7,4.4,3,0.8,103,106,0.461,0.696,0.357,17.3,0.417,0.583,0.354,0.358,0
Kevin McCullar Jr.,NYK,SF,77.25,81,3.75,4,29,10.3,0,13.7,13.7,3.4,1.7,1.7,98,109,0.286,1,0.286,9.4,0.857,0.143,0.333,0,0
Kevon Looney,GSW,C,80,87.5,7.5,76,1142,14.7,7.9,11.8,19.7,5,2,1.6,128,108,0.518,0.566,0.514,4.6,0.982,0.018,0.516,0.4,0.09
Keyonte George,UTA,SG,76,78,2,67,2109,25.6,0.6,5.2,5.8,8.6,1,0.2,109,123,0.485,0.818,0.391,17.6,0.448,0.552,0.449,0.343,0.015
Khris Middleton,WAS,SF,78.75,82.75,4,37,843,25.1,0.7,7.1,7.8,8.6,2,0.5,117,115,0.546,0.857,0.475,17.1,0.605,0.395,0.549,0.361,0.003
Klay Thompson,DAL,SG,77.75,81,3.25,72,1965,24.7,1.1,5,6.1,3.6,1.2,0.7,108,119,0.535,0.905,0.412,20.1,0.369,0.631,0.448,0.391,0.002
Kobe Bufkin,ATL,SG,76.25,79.75,3.5,10,124,20,1.9,6,7.9,6.4,1.1,0.8,103,118,0.426,0.722,0.383,14.2,0.596,0.404,0.5,0.211,0
Kris Dunn,LAC,PG,75,81,6,74,1783,13.1,1.5,5.5,6.9,5.8,3.5,0.7,111,108,0.525,0.682,0.439,15.7,0.487,0.513,0.549,0.335,0.016
Kris Murray,POR,PF,79.75,83.75,4,69,1040,13.4,3.6,5,8.5,3.2,1.6,0.8,103,116,0.468,0.456,0.419,12.2,0.57,0.43,0.566,0.225,0.129
Kristaps PorziÅ†Ä£is,BOS,C,86.5,90,3.5,42,1210,33.9,2.8,9,11.8,3.6,1.3,2.6,125,109,0.572,0.809,0.483,16,0.564,0.436,0.537,0.412,0.106
Kyle Anderson,MIA,PF,79.5,86.75,7.25,61,1002,17.5,2.6,7.5,10.1,7.1,2,1.6,119,111,0.51,0.738,0.469,10.9,0.769,0.231,0.502,0.357,0.036
Kyle Filipowski,UTA,PF,82.75,82.5,-0.25,72,1522,21.8,3.5,10.3,13.9,4.4,1.5,0.7,115,118,0.576,0.65,0.502,13.2,0.575,0.425,0.614,0.35,0.098
Kyle Kuzma,MIL,PF,80,79,-1,65,1936,23.9,1.3,7.8,9.2,3.8,0.9,0.5,96,118,0.493,0.634,0.436,13.5,0.631,0.369,0.512,0.307,0.029
Kyle Lowry,PHI,PG,71.75,74,2.25,35,659,10.3,0.8,4.2,5,7.2,2.5,0.8,119,118,0.474,0.818,0.35,22.5,0.248,0.752,0.414,0.33,0
Kyrie Irving,DAL,PG,73.75,76,2.25,50,1804,33.1,1.6,4.8,6.4,6.2,1.8,0.6,118,118,0.549,0.916,0.473,14.9,0.62,0.38,0.517,0.401,0.001
Kyshawn George,WAS,SF,79,82.25,3.25,68,1802,15.6,1.3,6.2,7.5,4.5,1.8,1.3,100,118,0.476,0.753,0.372,19.1,0.352,0.648,0.464,0.322,0.026
LaMelo Ball,CHA,PG,78,80,2,47,1505,38.7,1.5,6,7.6,11.3,1.8,0.4,108,117,0.494,0.843,0.405,17.8,0.474,0.526,0.478,0.339,0.005
Lamar Stevens,MEM,SF,77.75,81,3.25,17,155,22.2,1.2,10.2,11.4,2.4,1.5,0.9,103,112,0.524,0.727,0.46,14.4,0.571,0.429,0.583,0.296,0.063
Landry Shamet,NYK,SG,76,78.75,2.75,50,762,18.6,0.7,3.3,4,1.8,1.5,0.1,114,118,0.596,0.667,0.461,19.3,0.322,0.678,0.595,0.397,0.013
Larry Nance Jr.,ATL,C,79.5,85.5,6,24,463,20.5,2.3,8.1,10.4,3.8,2,1.3,125,114,0.626,0.692,0.516,15,0.51,0.49,0.582,0.447,0.135
Lauri Markkanen,UTA,PF,83,83,0,47,1476,29,2.3,6.7,9,2.3,1.1,0.6,115,122,0.521,0.876,0.423,17.3,0.43,0.57,0.525,0.346,0.104
LeBron James,LAL,PF,80.5,84.25,3.75,70,2444,34.4,1.4,9.5,11,11.6,1.4,0.8,117,114,0.571,0.782,0.513,13.4,0.688,0.312,0.574,0.376,0.056
Leonard Miller,MIN,PF,81.25,86,4.75,13,32,30.8,4.6,12.3,17,0,3.1,1.5,111,104,0.4,1,0.4,10.9,0.667,0.333,0.6,0,0.067
Lonnie Walker IV,PHI,SG,75.75,82.5,6.75,20,477,25.5,0.6,5.9,6.5,5.2,1,0.5,108,121,0.526,0.8,0.42,19,0.401,0.599,0.518,0.354,0.028
Lonzo Ball,CHI,PG,77.25,81,3.75,35,777,16,1.5,5.6,7.1,6.9,2.8,1,110,113,0.504,0.815,0.366,23,0.198,0.802,0.458,0.344,0.021
Luguentz Dort,OKC,SG,74.75,80.5,5.75,71,2073,16.6,2.1,4.7,6.8,2.7,1.8,0.9,120,110,0.578,0.717,0.435,19.5,0.304,0.696,0.489,0.412,0.032
Luka DonÄiÄ‡,LAL,SF,78.5,83,4.5,50,1769,38.9,1.1,10.2,11.3,10.6,2.5,0.6,116,112,0.536,0.782,0.45,17.4,0.531,0.469,0.522,0.368,0.001
Luka Garza,MIN,C,82,85.5,3.5,39,219,31.1,7,5.2,12.2,2.5,1.4,0.7,118,114,0.543,0.686,0.495,11.8,0.657,0.343,0.609,0.278,0.048
Luke Kennard,MEM,SG,76.5,77.25,0.75,65,1472,18.2,1.2,4.6,5.8,6.8,1.6,0.2,127,116,0.609,0.895,0.478,19.1,0.394,0.606,0.547,0.433,0.002
Luke Kornet,BOS,C,85,85,0,73,1361,16.2,7,7.3,14.3,4.3,1.3,2.6,152,110,0.668,0.691,0.668,2.8,0.989,0.011,0.675,0,0.354
Malaki Branham,SAS,SG,76,82,6,47,427,26.6,0.8,5,5.8,4.3,1.2,0.2,104,120,0.547,0.818,0.458,15.3,0.558,0.442,0.5,0.405,0.026
Malcolm Brogdon,WAS,PG,75.75,82.5,6.75,24,564,25.7,1.8,5.9,7.7,8.3,1.1,0.4,113,121,0.467,0.88,0.433,11.5,0.767,0.233,0.478,0.286,0
Malik Beasley,DET,SG,75.5,79,3.5,82,2283,28.1,1,3.5,4.5,2.9,1.5,0.1,116,117,0.579,0.679,0.43,20.8,0.285,0.715,0.466,0.416,0.022
Malik Monk,SAC,SG,74.25,77,2.75,65,2054,26.6,0.7,5.1,5.8,8.6,1.5,0.9,110,117,0.513,0.865,0.439,16,0.544,0.456,0.534,0.325,0.036
MarJon Beauchamp,NYK,SG,77.25,84.75,7.5,35,156,24.6,3.4,10.3,13.7,3.4,1.2,0.3,99,113,0.492,0.75,0.415,16,0.554,0.446,0.472,0.345,0.046
Marcus Sasser,DET,PG,73.25,79,5.75,57,811,22.2,1.1,3,4.1,7.9,2.2,0.2,117,115,0.561,0.843,0.463,17.5,0.486,0.514,0.549,0.382,0
Marcus Smart,WAS,PG,74,81.25,7.25,34,680,21,1.2,3.7,5,7.5,2.7,0.6,107,116,0.488,0.761,0.393,17.4,0.451,0.549,0.448,0.348,0.004
Mark Williams,CHA,C,84,90.5,6.5,44,1171,28.2,5.5,13.2,18.8,4.6,1.3,2.3,127,111,0.604,0.804,0.604,3.8,0.991,0.009,0.609,0,0.264
Markelle Fultz,SAC,PG,75,81,6,21,184,16.2,1.6,3.7,5.3,7.2,2.7,0.5,93,116,0.448,1,0.418,12.4,0.881,0.119,0.407,0.5,0.045
Markieff Morris,LAL,C,79.75,82.75,3,15,165,16.6,0.9,5.9,6.8,6.2,0.6,0.9,91,118,0.364,0.833,0.3,19.9,0.486,0.514,0.353,0.25,0
Marvin Bagley III,MEM,PF,82.5,84,1.5,31,265,24.2,6.8,8.2,14.9,2,1.6,1.4,117,115,0.533,0.657,0.519,7.8,0.821,0.179,0.598,0.158,0.208
Mason Plumlee,PHX,C,83.25,83,-0.25,74,1300,12.7,4.4,12.9,17.3,5.1,1.3,1.8,131,115,0.619,0.648,0.619,3.9,0.98,0.02,0.631,0,0.347
Matas Buzelis,CHI,PF,80.75,82,1.25,80,1511,21.3,1.7,6.9,8.6,2.4,0.9,2.3,108,115,0.541,0.815,0.454,13.7,0.521,0.479,0.54,0.361,0.141
Matisse Thybulle,POR,SF,77,83.5,6.5,15,312,17.4,2.2,5.9,8.1,4.4,5.1,1.4,119,107,0.597,0.467,0.477,15.6,0.455,0.545,0.525,0.438,0.091
Max Christie,DAL,SG,76.25,80.75,4.5,78,2127,17.2,0.9,5,5.9,3.4,1.5,0.7,111,117,0.525,0.855,0.427,16.9,0.468,0.532,0.496,0.366,0.053
Max Strus,CLE,SG,77,79.5,2.5,50,1273,17.8,2,6.2,8.2,6,1,0.5,125,115,0.594,0.824,0.442,20.6,0.214,0.786,0.65,0.386,0.035
Maxi Kleber,LAL,C,81.25,82.75,1.5,34,637,7.8,1.9,5.3,7.2,3.3,0.7,1.3,104,119,0.453,0.762,0.385,15.9,0.49,0.51,0.511,0.265,0.073
Maxwell Lewis,BKN,SG,78.25,84,5.75,28,327,17.6,2.7,5.6,8.4,2.9,1.4,1.1,104,117,0.505,0.7,0.417,13.7,0.537,0.463,0.448,0.38,0.037
Michael Porter Jr.,DEN,PF,81.75,84,2.25,77,2593,25.9,2.6,7.5,10,3.1,0.9,0.7,122,118,0.596,0.768,0.504,15.9,0.533,0.467,0.599,0.395,0.096
Mikal Bridges,NYK,SF,77.75,85,7.25,82,3036,23.6,1.2,3.1,4.2,5,1.2,0.7,117,118,0.57,0.814,0.5,14.7,0.609,0.391,0.594,0.354,0.025
Mike Conley,MIN,PG,71,77.75,6.75,71,1756,16.4,0.9,4.2,5.1,9,2.2,0.4,125,113,0.535,0.9,0.4,19.4,0.338,0.662,0.38,0.41,0
Miles Bridges,CHA,SF,77.25,81.5,4.25,64,2029,31.5,1.7,9.9,11.7,6,1.1,1.1,110,116,0.495,0.87,0.431,13.8,0.587,0.413,0.513,0.313,0.058
Miles McBride,NYK,PG,73,80.75,7.75,64,1593,19,1.5,3.6,5,5.8,2.1,0.5,117,116,0.511,0.813,0.406,18.3,0.43,0.57,0.455,0.369,0.026
Monte Morris,PHX,PG,73.25,76,2.75,45,571,20.2,1,4.8,5.8,6.3,1.7,0.3,115,121,0.505,0.857,0.426,16.1,0.559,0.441,0.477,0.36,0
Moritz Wagner,ORL,C,82,84,2,30,564,34.2,3.5,9.6,13.1,3.7,2.1,1.1,118,108,0.616,0.718,0.562,9.5,0.699,0.301,0.649,0.36,0.076
Moses Moody,GSW,SG,76.5,84.75,8.25,74,1649,21.4,1.5,4,5.6,2.8,1.7,0.9,116,114,0.544,0.797,0.433,17,0.407,0.593,0.519,0.374,0.033
Mouhamed Gueye,ATL,C,82.25,87.25,5,33,533,17.3,3.9,8.3,12.2,2.4,2.5,2.9,114,111,0.482,0.762,0.421,13.3,0.526,0.474,0.567,0.259,0.17
Moussa DiabatÃ©,CHA,C,81.25,86.5,5.25,71,1241,16,7.4,9.9,17.4,2.2,1.8,1.6,122,113,0.596,0.595,0.596,3.6,0.979,0.021,0.609,0,0.329
Myles Turner,IND,C,81.75,88,6.25,72,2174,24.8,2,8.4,10.4,2.5,1.2,3.2,113,112,0.577,0.773,0.481,16.2,0.514,0.486,0.561,0.396,0.09
Naji Marshall,DAL,SF,77.75,84.75,7,69,1919,23,1.9,6.4,8.3,5.2,1.8,0.3,115,117,0.551,0.813,0.508,12,0.694,0.306,0.611,0.275,0.038
Naz Reid,MIN,C,80.75,87.25,6.5,80,2200,25.5,2.1,8.7,10.8,4.1,1.3,1.6,115,110,0.556,0.776,0.462,15.4,0.499,0.501,0.544,0.379,0.034
Neemias Queta,BOS,C,82.75,88.25,5.5,62,863,18,5.2,8.5,13.7,2.6,1,2.4,132,110,0.65,0.754,0.65,3.6,0.985,0.015,0.66,0,0.315
Nic Claxton,BKN,C,82,86.5,4.5,70,1882,19.2,4.2,9.5,13.6,4.2,1.6,2.6,115,112,0.568,0.513,0.563,5.3,0.963,0.037,0.576,0.238,0.229
Nick Richards,PHX,C,82.5,86.25,3.75,57,1256,20.8,5.8,12.5,18.3,1.9,0.6,2.2,120,115,0.591,0.744,0.591,4,0.994,0.006,0.594,0,0.288
Nick Smith Jr.,CHA,SG,77,80,3,60,1369,21.2,0.5,4.1,4.6,5.2,0.6,0.2,100,121,0.482,0.935,0.391,18.5,0.461,0.539,0.45,0.34,0.004
Nickeil Alexander-Walker,MIN,SG,76.25,81.5,5.25,82,2073,18.4,1.3,5,6.3,5.3,1.2,0.8,116,114,0.553,0.78,0.438,17.5,0.399,0.601,0.524,0.381,0.019
Nicolas Batum,LAC,SF,80.25,85,4.75,78,1367,11.3,1.7,6.2,7.9,3,1.9,1.3,126,111,0.622,0.81,0.437,22.1,0.147,0.853,0.457,0.433,0.021
Nikola JokiÄ‡,DEN,C,83.5,87,3.5,70,2571,38.7,3.7,12.9,16.7,13.4,2.4,0.8,133,111,0.627,0.8,0.576,11.5,0.757,0.243,0.627,0.417,0.019
Nikola JoviÄ‡,MIA,PF,81.5,84.25,2.75,46,1156,21.3,1.1,6.6,7.8,5.7,1.6,0.6,115,114,0.56,0.828,0.456,16.1,0.443,0.557,0.563,0.371,0.016
Nikola VuÄeviÄ‡,CHI,C,82.25,88.5,6.25,73,2278,27.6,3.6,11.4,15.1,5.2,1.2,1.1,122,113,0.592,0.805,0.53,12.5,0.691,0.309,0.587,0.402,0.012
Noah Clowney,BKN,PF,82,86,4,46,1042,20.1,2.1,6.6,8.6,1.9,1.1,1,102,117,0.474,0.838,0.358,19.2,0.298,0.702,0.414,0.333,0.065
Norman Powell,LAC,SG,75,82.75,7.75,60,1958,32.8,0.5,4.2,4.8,3.1,1.8,0.2,116,113,0.578,0.804,0.484,15.3,0.547,0.453,0.538,0.418,0.019
OG Anunoby,NYK,SF,78.25,86.25,8,74,2706,24.4,1.8,4.8,6.6,3,2,1.2,118,114,0.559,0.81,0.476,13.5,0.552,0.448,0.561,0.372,0.14
Obi Toppin,IND,PF,80.75,86,5.25,79,1545,25.9,1.7,8.2,9.9,4,1.4,0.9,122,114,0.621,0.781,0.529,14.9,0.497,0.503,0.695,0.365,0.129
Ochai Agbaji,TOR,SG,76.5,82.25,5.75,64,1739,18.5,1.7,5,6.7,2.7,1.6,0.8,117,116,0.593,0.708,0.498,13.2,0.526,0.474,0.587,0.399,0.069
Olivier-Maxence Prosper,DAL,PF,78.75,85,6.25,52,584,16.6,3.6,6.8,10.4,3.3,2.2,0.5,111,116,0.437,0.645,0.402,10.4,0.707,0.293,0.472,0.235,0.08
Onyeka Okongwu,ATL,C,80.25,86,5.75,74,2064,22.4,5,10,15,3.8,1.6,1.5,129,114,0.602,0.759,0.567,7.9,0.784,0.216,0.634,0.324,0.145
Orlando Robinson,TOR,C,82,88,6,44,770,19,5.6,8.2,13.8,4.8,1.1,1,110,115,0.477,0.771,0.444,10,0.801,0.199,0.474,0.327,0.077
Oscar Tshiebwe,UTA,C,79.25,87.5,8.25,14,255,20.1,8.7,14.3,23,1.7,2.4,0.2,135,114,0.6,0.742,0.6,4.6,1,0,0.6,NA,0.114
Oso Ighodaro,PHX,C,81.5,83,1.5,61,1045,12.1,3.1,7.4,10.5,3.4,1.3,1.4,121,119,0.604,0.58,0.604,6.4,0.989,0.011,0.611,0,0.31
Ousmane Dieng,OKC,SF,81.5,84,2.5,37,405,16.8,2.1,7.5,9.6,3.7,2,0.8,109,108,0.524,0.688,0.432,16.6,0.432,0.568,0.574,0.324,0.136
P.J. Tucker,NYK,PF,76.5,83.5,7,3,58,7.7,3.4,3.4,6.8,0,0.9,0.9,129,118,0.643,NA,0.429,23.9,0.143,0.857,0,0.5,0
P.J. Washington,DAL,PF,78.5,86.5,8,57,1835,22,2.2,9.5,11.7,3.5,1.7,1.6,107,114,0.521,0.722,0.453,12.3,0.641,0.359,0.493,0.381,0.054
Pacome Dadiet,NYK,SG,79.5,81,1.5,18,111,13.4,1.3,6.7,8,2.2,1.3,0.9,94,115,0.419,0.667,0.323,18.4,0.387,0.613,0.333,0.316,0
Paolo Banchero,ORL,PF,81,84.5,3.5,46,1582,37.6,1.6,9.3,10.9,6.9,1.1,0.9,109,110,0.5,0.727,0.452,13.8,0.701,0.299,0.509,0.32,0.055
Pascal Siakam,IND,PF,80.25,87.25,7,78,2548,29.8,2.5,7.7,10.2,5,1.3,0.8,120,115,0.572,0.734,0.519,12.4,0.726,0.274,0.568,0.389,0.041
Pat Connaughton,MIL,SG,76,80,4,41,603,17.3,1.5,7.2,8.7,5.6,0.7,0.9,116,115,0.542,0.774,0.469,13.7,0.542,0.458,0.594,0.321,0.04
Patrick Baldwin Jr.,LAC,PF,81.25,85.75,4.5,24,107,23.6,2.2,8.9,11.1,1.3,1.3,0.9,122,118,0.729,0.5,0.543,21.2,0.343,0.657,0.5,0.565,0.114
Patrick Williams,CHI,SF,79,83,4,63,1576,16.8,1.3,5.7,7,3.7,1.4,0.9,100,117,0.49,0.723,0.397,16.6,0.473,0.527,0.447,0.353,0.048
Patty Mills,LAC,PG,71.25,74,2.75,29,321,16.7,0.6,2.7,3.3,3.9,2,0.5,105,121,0.51,0.929,0.375,23.1,0.219,0.781,0.476,0.347,0
Paul George,PHI,SF,79.75,83.25,3.5,41,1334,24.6,0.9,7.2,8.1,6.6,2.8,0.7,104,116,0.514,0.814,0.43,18,0.53,0.47,0.493,0.358,0.021
Paul Reed,DET,PF,81,85.5,4.5,45,438,20.2,4.4,9.1,13.5,4.8,4.3,2.7,118,103,0.535,0.762,0.507,9.6,0.803,0.197,0.561,0.286,0.141
Payton Pritchard,BOS,PG,73,76,3,80,2271,25.3,2.3,4.5,6.8,6.2,1.5,0.3,131,114,0.62,0.845,0.472,21.3,0.277,0.723,0.642,0.407,0
Peyton Watson,DEN,SF,78.75,84.5,5.75,68,1656,16,1.4,5.4,6.8,2.7,1.4,2.7,113,116,0.533,0.693,0.477,10.7,0.682,0.318,0.534,0.353,0.178
Precious Achiuwa,NYK,PF,79.5,84.75,5.25,57,1170,16.1,4.3,9.2,13.4,2.3,2,1.8,112,111,0.517,0.594,0.502,6.2,0.89,0.11,0.529,0.278,0.171
Quentin Grimes,PHI,SG,76,79.75,3.75,75,2013,26.5,1.4,6.4,7.9,5.5,1.8,0.5,113,118,0.565,0.757,0.467,16.2,0.488,0.512,0.552,0.385,0.033
RJ Barrett,TOR,SF,77,82,5,58,1869,31.5,1.6,7.9,9.4,8.1,1.2,0.4,108,116,0.523,0.63,0.468,10.9,0.688,0.312,0.522,0.35,0.032
Reed Sheppard,HOU,PG,73.75,75.25,1.5,52,654,17,1.2,4.6,5.8,5.6,2.6,1.3,101,110,0.452,0.813,0.351,19.5,0.406,0.594,0.371,0.338,0.008
Richaun Holmes,WAS,C,80.25,85.5,5.25,31,534,20.5,5.5,10.2,15.8,3.7,0.8,2,139,117,0.647,0.833,0.647,3.6,0.978,0.022,0.662,0,0.281
Rob Dillingham,MIN,PG,73,75,2,49,516,20.9,1.1,3.6,4.8,9.4,1.9,0.1,99,114,0.5,0.533,0.441,13.9,0.649,0.351,0.496,0.338,0.014
Robert Williams,POR,C,80,89.5,9.5,20,351,16.1,4.8,11.5,16.3,2.9,1.8,4.6,130,107,0.647,0.882,0.641,3.7,0.962,0.038,0.653,0.333,0.385
Ron Holland,DET,SG,78.5,82.75,4.25,81,1266,19.8,1.5,6.8,8.3,3.1,1.9,0.6,107,113,0.517,0.754,0.474,12.1,0.637,0.363,0.608,0.238,0.091
Royce O'Neale,PHX,SF,76,81,5,75,1837,18.3,1.4,8,9.4,4.4,1.8,0.9,115,118,0.58,0.731,0.423,21.2,0.226,0.774,0.481,0.406,0.007
Rudy Gobert,MIN,C,84.5,92.5,8,72,2388,17.9,5.5,10.7,16.2,2.6,1.2,2.1,138,109,0.669,0.674,0.669,2.4,1,0,0.669,NA,0.494
Rui Hachimura,LAL,PF,79.75,86,6.25,59,1869,20.4,2.1,5.7,7.8,2.2,1.2,0.7,123,117,0.597,0.77,0.509,13.7,0.571,0.429,0.581,0.413,0.13
Russell Westbrook,DEN,PG,74.25,79.75,5.5,75,2092,22.8,2.3,6.2,8.5,10.5,2.4,0.9,105,115,0.505,0.661,0.449,12.3,0.65,0.35,0.517,0.323,0.032
Ryan Dunn,PHX,PF,78.25,85.5,7.25,74,1410,17.9,3.2,6.1,9.4,2,1.5,1.4,107,119,0.516,0.487,0.43,16,0.447,0.553,0.577,0.311,0.075
Ryan Rollins,MIL,PG,74,81.75,7.75,56,820,20.6,1.2,5.1,6.4,6.1,2.5,1,113,112,0.577,0.8,0.487,14.6,0.557,0.443,0.55,0.408,0.022
Sam Hauser,BOS,SF,78.75,81.25,2.5,71,1541,19.7,1.4,5.9,7.3,2.1,1.3,0.4,128,113,0.627,1,0.451,22.9,0.158,0.842,0.64,0.416,0.006
Sam Merrill,CLE,SG,75.5,77,1.5,71,1401,17.5,1.3,4.1,5.4,3.7,1.8,0.5,122,114,0.567,0.966,0.406,22.7,0.132,0.868,0.625,0.372,0
Sandro Mamukelashvili,SAS,PF,81,85.25,4.25,61,681,27.3,4.4,8.9,13.3,3.4,1.6,1.2,126,116,0.609,0.741,0.502,16.1,0.427,0.573,0.675,0.373,0.103
Santi Aldama,MEM,PF,82.75,83,0.25,65,1660,22.7,2.6,9,11.6,5.3,1.5,0.8,123,113,0.576,0.691,0.483,15.6,0.497,0.503,0.599,0.368,0.073
Scoot Henderson,POR,PG,74,81,7,66,1759,23.1,1.4,4,5.5,9.3,1.9,0.4,107,117,0.496,0.767,0.419,14.9,0.566,0.434,0.469,0.354,0.02
Scottie Barnes,TOR,SF,79,86.75,7.75,65,2134,28.2,2.5,8.9,11.3,8.5,2.1,1.4,107,112,0.482,0.755,0.446,12.6,0.737,0.263,0.508,0.271,0.066
Seth Curry,CHA,SG,73,76,3,68,1062,20.6,1.1,4.1,5.2,2.8,1.3,0.3,120,120,0.599,0.846,0.478,18.8,0.469,0.531,0.503,0.456,0
Shaedon Sharpe,POR,SG,76.25,83.5,7.25,72,2252,28.8,1.5,5.5,7,4.3,1.3,0.3,110,117,0.519,0.785,0.452,15.7,0.572,0.428,0.557,0.311,0.07
Shai Gilgeous-Alexander,OKC,PG,76.5,83.5,7,76,2598,45.9,1.2,5.8,7,9,2.4,1.4,129,107,0.569,0.898,0.519,12.9,0.737,0.263,0.571,0.375,0.028
Shake Milton,LAL,SG,76.5,84.75,8.25,57,837,18.6,1.8,4.3,6.2,6,1.5,0.2,115,118,0.528,0.797,0.453,14.3,0.583,0.417,0.52,0.358,0
Sidy Cissoko,POR,SF,77.5,81.75,4.25,22,114,13.6,3.4,5.5,8.9,6.4,0.9,0.4,91,119,0.483,0.333,0.433,13.7,0.567,0.433,0.588,0.231,0.167
Spencer Dinwiddie,DAL,PG,76.5,80.25,3.75,79,2136,19.7,0.4,4.3,4.7,7.9,1.6,0.4,116,119,0.496,0.802,0.416,15.9,0.522,0.478,0.492,0.334,0.012
Stephen Curry,GSW,PG,74,75.5,1.5,70,2252,37.1,0.9,5.8,6.7,9.1,1.7,0.6,120,113,0.572,0.933,0.448,20,0.377,0.623,0.534,0.397,0.001
Stephon Castle,SAS,SG,77.5,81,3.5,81,2162,26.6,2,4.6,6.6,7.4,1.7,0.5,106,119,0.476,0.724,0.428,12.6,0.663,0.337,0.501,0.285,0.078
Steven Adams,HOU,C,82.75,88.5,5.75,58,794,13.8,10.2,9.9,20,4,1.3,1.7,118,109,0.545,0.462,0.545,4.1,0.988,0.012,0.552,0,0.138
Svi Mykhailiuk,UTA,SG,78.5,77,-1.5,38,760,21.1,1.4,4.3,5.7,4.8,1.2,0.4,103,123,0.507,0.8,0.391,19.7,0.328,0.672,0.485,0.345,0.013
T.J. McConnell,IND,PG,72.5,74,1.5,79,1415,24.5,1.5,5.1,6.6,11.9,2.8,0.7,113,113,0.531,0.74,0.519,9.1,0.921,0.079,0.537,0.306,0
Talen Horton-Tucker,CHI,SG,74.5,85.25,10.75,58,724,24.4,1.2,5.2,6.4,5.4,1.4,0.7,112,117,0.527,0.735,0.457,12.6,0.581,0.419,0.544,0.336,0.045
Tari Eason,HOU,PF,78.75,86,7.25,57,1420,23.5,4.4,8,12.4,2.8,3.3,1.7,119,106,0.543,0.76,0.487,11.3,0.671,0.329,0.557,0.342,0.1
Taurean Prince,MIL,SF,78.5,83.5,5,80,2166,14.6,0.8,5.6,6.4,3.5,1.7,0.3,114,115,0.6,0.813,0.457,18,0.348,0.652,0.492,0.439,0.018
Taylor Hendricks,UTA,PF,80.25,84.5,4.25,3,75,9,3.2,6.4,9.6,1.3,3.2,2.6,88,114,0.306,0.75,0.222,18.8,0.333,0.667,0.167,0.25,0.056
Terance Mann,ATL,SF,76.75,79.75,3,67,1414,17.6,2.3,4.4,6.8,4.1,1.6,0.5,120,116,0.569,0.691,0.496,13.5,0.605,0.395,0.58,0.368,0.08
Terrence Shannon Jr.,MIN,SG,77.75,80.75,3,32,339,20.1,1.5,5.4,6.8,4.7,1,0.7,114,114,0.531,0.81,0.482,9.8,0.728,0.272,0.53,0.355,0.07
Terry Rozier,MIA,PG,72.5,80.25,7.75,64,1658,20.4,1.3,5.8,7.2,5,1.1,0.4,103,116,0.462,0.852,0.391,15.7,0.515,0.485,0.48,0.295,0.002
Terry Taylor,SAC,PF,76.75,83.5,6.75,3,6,0,8.2,0,8.2,16.3,0,0,122,125,0,NA,0,5.9,1,0,0,NA,0
Thomas Bryant,IND,C,81.5,90,8.5,66,963,21.5,4.2,8.4,12.6,2.7,1.4,2.1,125,113,0.583,0.859,0.508,14.9,0.539,0.461,0.665,0.324,0.109
Tidjane SalaÃ¼n,CHA,PF,81,84.75,3.75,60,1244,14,2.8,8.3,11.1,2.9,1.1,0.6,97,117,0.414,0.713,0.33,17.6,0.406,0.594,0.4,0.283,0.038
Tim Hardaway Jr.,DET,SG,76.5,79,2.5,77,2153,18.9,0.4,3.7,4.1,2.7,0.8,0.2,117,118,0.529,0.855,0.406,20.2,0.328,0.672,0.484,0.368,0.016
Tobias Harris,DET,PF,78.5,83,4.5,73,2305,20.9,1.4,7.7,9,3.4,1.5,1.2,116,113,0.534,0.861,0.477,13.1,0.672,0.328,0.542,0.345,0.075
Toumani Camara,POR,PF,79,84.5,5.5,78,2548,16.8,3.3,5.3,8.6,3.3,2.2,1,117,115,0.552,0.722,0.458,14,0.497,0.503,0.542,0.375,0.084
Trae Young,ATL,PG,72.5,75,2.5,76,2739,31.4,0.6,3.4,4,15,1.6,0.2,114,119,0.491,0.875,0.411,17.3,0.533,0.467,0.474,0.34,0.001
Trayce Jackson-Davis,GSW,C,80.25,85,4.75,62,967,20.5,6.1,9.5,15.6,5.2,1.2,1.9,125,111,0.576,0.578,0.576,3.4,0.99,0.01,0.582,0,0.387
Tre Jones,CHI,PG,73,76,3,46,905,17.3,1.6,4.5,6.1,10.1,1.9,0.5,134,118,0.578,0.821,0.538,8.9,0.798,0.202,0.574,0.396,0.004
Tre Mann,CHA,PG,75.25,76,0.75,13,319,28.2,1.8,4,5.9,6,1.1,0.6,105,120,0.509,0.905,0.435,13.6,0.627,0.373,0.455,0.4,0.006
Trendon Watford,BKN,PF,79.5,86.25,6.75,44,913,24.5,2,6.7,8.7,6.3,1.5,0.7,105,116,0.51,0.762,0.469,10.2,0.749,0.251,0.515,0.33,0.02
Trey Lyles,SAC,PF,81,85.5,4.5,69,1349,16.3,2.9,8.6,11.5,3,1.5,0.8,117,116,0.528,0.7,0.42,17.6,0.364,0.636,0.559,0.34,0.078
Trey Murphy III,NOP,SF,79.5,84,4.5,53,1854,29.4,1.2,5.8,7,4.9,1.5,1,118,121,0.548,0.887,0.454,16.6,0.478,0.522,0.556,0.361,0.093
Tristan Da Silva,ORL,PF,80.25,82.25,2,74,1629,16.3,2.2,5.3,7.5,3.5,1,0.6,109,113,0.495,0.873,0.412,15.1,0.505,0.495,0.488,0.335,0.062
Ty Jerome,CLE,PG,76.25,76,-0.25,70,1392,30.3,1.7,4.3,6,8.2,2.7,0.1,128,113,0.606,0.872,0.516,15.6,0.591,0.409,0.57,0.439,0
TyTy Washington Jr.,PHX,PG,74.25,80,5.75,16,118,14.7,1.7,3.8,5.4,6.7,1.3,0,92,123,0.356,0.5,0.311,17.4,0.533,0.467,0.417,0.19,0
Tyler Herro,MIA,SG,76.5,75.25,-1.25,77,2725,33.7,0.6,6.7,7.3,7.8,1.3,0.3,117,115,0.563,0.878,0.472,16.7,0.514,0.486,0.565,0.375,0.008
Tyler Kolek,NYK,PG,73.25,74.75,1.5,41,296,13.6,1.3,3.2,4.5,11.7,2,0.7,109,116,0.415,0.765,0.329,17.2,0.427,0.573,0.371,0.298,0
Tyler Smith,MIL,PF,81,85,4,23,122,26.6,2.4,7.5,9.9,1.6,1.2,1.6,110,113,0.61,0.75,0.48,17.2,0.4,0.6,0.55,0.433,0.08
Tyrese Haliburton,IND,PG,76.75,79.75,3,73,2451,26.6,0.8,4.2,5.1,13.2,2.1,1,131,115,0.582,0.851,0.473,19.3,0.441,0.559,0.581,0.388,0.024
Tyrese Maxey,PHI,PG,74,79,5,52,1960,34.4,0.4,4,4.4,8,2.3,0.5,114,119,0.511,0.879,0.437,15.1,0.562,0.438,0.515,0.337,0.014
Tyus Jones,PHX,PG,72.5,77,4.5,81,2174,18.9,0.9,3.5,4.5,9.8,1.6,0.2,124,122,0.57,0.895,0.448,18.3,0.413,0.587,0.496,0.414,0
Vasilije MiciÄ‡,PHX,PG,76,79,3,41,785,16.9,1.3,4.3,5.6,8,0.9,0,92,121,0.43,0.829,0.348,17,0.542,0.458,0.338,0.36,0
Victor Wembanyama,SAS,C,88,96,8,46,1527,35.3,2.6,13.4,16,5.3,1.6,5.6,109,108,0.559,0.836,0.476,17,0.53,0.47,0.586,0.352,0.114
Vince Williams Jr.,MEM,SG,76,83,7,27,499,16.7,2,7.1,9.1,5.1,1.1,0.7,104,115,0.479,0.792,0.401,16.9,0.431,0.569,0.569,0.274,0.012
Vlatko ÄŒanÄar,DEN,PF,79.75,83,3.25,13,136,8.5,2.1,9.2,11.3,3.2,1.1,0.7,83,116,0.462,NA,0.385,16.4,0.423,0.577,0.545,0.267,0.077
Walker Kessler,UTA,C,84.25,88.25,4,58,1740,17.7,7.3,12.2,19.5,2.7,1,3.8,130,115,0.671,0.52,0.663,4.3,0.919,0.081,0.706,0.176,0.329
Wendell Carter Jr.,ORL,C,80.75,88.5,7.75,68,1758,17.6,4.3,9.7,14,3.8,1.5,1.2,115,109,0.498,0.737,0.46,12.1,0.678,0.322,0.568,0.234,0.179
Wendell Moore Jr.,CHA,SG,76.25,84.75,8.5,36,499,14.6,2.9,6.3,9.3,4.1,2,0.5,110,115,0.524,0.818,0.468,11.1,0.675,0.325,0.529,0.341,0.04
Xavier Tillman Sr.,BOS,PF,79.5,86,6.5,33,231,7.4,2.2,7.2,9.3,1.5,2.4,1.1,67,109,0.292,0.75,0.245,17.2,0.396,0.604,0.381,0.156,0
Yves Missi,NOP,C,82.75,86,3.25,73,1956,16.5,6.3,8.6,14.9,2.5,0.9,2.4,120,119,0.547,0.623,0.547,2.8,0.998,0.002,0.548,0,0.297
Zaccharie Risacher,ATL,SF,80.25,82.5,2.25,75,1843,23.9,2.2,4.6,6.8,2.3,1.3,0.9,108,118,0.537,0.711,0.458,13.5,0.558,0.442,0.54,0.355,0.095
Zach Collins,CHI,C,82.25,85,2.75,64,977,19.7,4.9,9,14,5.4,1.4,1.4,122,115,0.56,0.885,0.507,11.6,0.649,0.351,0.617,0.302,0.073
Zach Edey,MEM,C,87.75,94.75,7,66,1416,20,7.6,10.4,18,2.1,1.2,2.8,124,110,0.6,0.709,0.58,6.1,0.88,0.12,0.612,0.346,0.236
Zach LaVine,SAC,SG,76.5,80.25,3.75,74,2602,31.6,0.4,5.4,5.8,5.7,1.1,0.2,116,119,0.609,0.825,0.511,15.9,0.562,0.438,0.562,0.446,0.06
Zeke Nnaji,DEN,PF,81.25,86,4.75,57,608,14.6,2.6,4.5,7.1,1.8,2,3,120,114,0.557,0.614,0.496,11.4,0.631,0.369,0.596,0.327,0.184
Ziaire Williams,BKN,SF,80.25,82.25,2,63,1541,20.4,2,7.3,9.3,2.7,2,0.9,109,114,0.511,0.821,0.412,16.2,0.419,0.581,0.509,0.341,0.092
Zion Williamson,NOP,PF,77.75,82.5,4.75,30,857,41.7,4.3,7.9,12.2,9,2.1,1.5,117,118,0.57,0.656,0.567,4.8,0.974,0.026,0.576,0.231,0.085
